{"dato1": 78, "dato2": 23, "dato3": 9, "dato4": 40, "dato5": 65, "dato6": 92, "dato7": 2, "elevation": 11.157697561307707, "azimuth": 258.51907228187696}